<?xml version="1.0" encoding="UTF-8"?>
<project-private xmlns="http://www.netbeans.org/ns/project-private/1">
    <editor-bookmarks xmlns="http://www.netbeans.org/ns/editor-bookmarks/2" lastBookmarkId="0"/>
    <open-files xmlns="http://www.netbeans.org/ns/projectui-open-files/2">
        <group name="Group 20210501-03:40:15">
            <file>file:/C:/Users/Manuel%20Rios/Documents/GitHub/Comunicaciones-y-Redes/ProyectoDHCP/src/ManejadorCliente.java</file>
            <file>file:/C:/Users/Manuel%20Rios/Documents/GitHub/Comunicaciones-y-Redes/ProyectoDHCP/src/cliente.java</file>
            <file>file:/C:/Users/Manuel%20Rios/Documents/GitHub/Comunicaciones-y-Redes/ProyectoDHCP/src/servidor.java</file>
        </group>
    </open-files>
</project-private>
